Name,Date,Day,Comp,Round,Venue,Result,Squad,Opponent,Start,Pos,Min,SoTA,GA,Saves,Save%,CS,PSxG,PKatt,PKA,PKsv,PKm,Match Report,B/A Rule
Martinez,2017-10-24,Tue,Copa del Rey,Round of 32,Home,L 0–1,Getafe,Alavés,Y,,90,,1,,,0,,0,0,0,0,Match Report,FALSE
Martinez,2017-11-30,Thu,Copa del Rey,Round of 32,Away,L 0–3,Getafe,Alavés,Y,,90,,3,,,0,,0,0,0,0,Match Report,FALSE
Martinez,2018-01-06,Sat,La Liga,Matchweek 18,Away,L 0–2,Getafe,Atlético Madrid,Y,GK,90,5,2,3,60,0,2,0,0,0,0,Match Report,FALSE
Martinez,2018-01-12,Fri,La Liga,Matchweek 19,Home,W 1–0,Getafe,Málaga,Y,GK,90,2,0,2,100,1,0.3,0,0,0,0,Match Report,FALSE
Martinez,2018-01-19,Fri,La Liga,Matchweek 20,Home,D 2–2,Getafe,Athletic Club,Y,GK,90,5,2,3,80,0,2.1,1,1,0,0,Match Report,FALSE
Martinez,2018-02-28,Wed,La Liga,Matchweek 26,Home,W 3–0,Getafe,La Coruña,Y,GK,90,1,0,1,100,1,0.1,0,0,0,0,Match Report,FALSE
Martinez,2018-03-03,Sat,La Liga,Matchweek 27,Away,L 1–3,Getafe,Real Madrid,Y,GK,90,6,3,3,50,0,2,0,0,0,0,Match Report,FALSE
Alisson,2017-08-20,Sun,Serie A,Matchweek 1,Away,W 1–0,Roma,Atalanta,Y,GK,90,6,0,6,100,1,0.6,0,0,0,0,Match Report,FALSE
Alisson,2017-08-26,Sat,Serie A,Matchweek 2,Home,L 1–3,Roma,Inter,Y,GK,90,8,3,5,62.5,0,2.7,0,0,0,0,Match Report,FALSE
Alisson,2017-08-31,Thu,WCQ,WCQ — CONMEBOL (M),Home,W 2–0,br Brazil,ec Ecuador,Y,,90,,0,,,1,,0,0,0,0,Match Report,FALSE
Alisson,2017-09-05,Tue,WCQ,WCQ — CONMEBOL (M),Away,D 1–1,br Brazil,co Colombia,Y,,90,,1,,,0,,0,0,0,0,Match Report,FALSE
Alisson,2017-09-12,Tue,Champions Lg,Group stage,Home,D 0–0,it Roma,es Atlético Madrid,Y,GK,90,9,0,9,100,1,2.2,0,0,0,0,Match Report,FALSE
Alisson,2017-09-16,Sat,Serie A,Matchweek 4,Home,W 3–0,Roma,Hellas Verona,Y,GK,90,0,0,0,,1,0,0,0,0,0,Match Report,FALSE
Alisson,2017-09-20,Wed,Serie A,Matchweek 5,Away,W 4–0,Roma,Benevento,Y,GK,90,5,0,5,100,1,1,0,0,0,0,Match Report,FALSE
Alisson,2017-09-23,Sat,Serie A,Matchweek 6,Home,W 3–1,Roma,Udinese,Y,GK,90,5,1,4,80,0,1.5,0,0,0,0,Match Report,FALSE
Alisson,2017-09-27,Wed,Champions Lg,Group stage,Away,W 2–1,it Roma,az Qarabağ,Y,GK,90,1,1,0,0,0,0.9,0,0,0,0,Match Report,FALSE
Alisson,2017-10-01,Sun,Serie A,Matchweek 7,Away,W 2–0,Roma,Milan,Y,GK,90,3,0,3,100,1,0.2,0,0,0,0,Match Report,FALSE
Alisson,2017-10-05,Thu,WCQ,WCQ — CONMEBOL (M),Away,D 0–0,br Brazil,bo Bolivia,Y,,90,,0,,,1,,0,0,0,0,Match Report,FALSE
Alisson,2017-10-14,Sat,Serie A,Matchweek 8,Home,L 0–1,Roma,Napoli,Y,GK,90,6,1,5,83.3,0,0.9,0,0,0,0,Match Report,FALSE
Alisson,2017-10-18,Wed,Champions Lg,Group stage,Away,D 3–3,it Roma,eng Chelsea,Y,GK,90,4,3,1,25,0,1.7,0,0,0,0,Match Report,FALSE
Alisson,2017-10-22,Sun,Serie A,Matchweek 9,Away,W 1–0,Roma,Torino,Y,GK,90,0,0,0,,1,0,0,0,0,0,Match Report,FALSE
Alisson,2017-10-25,Wed,Serie A,Matchweek 10,Home,W 1–0,Roma,Crotone,Y,GK,90,2,0,2,100,1,0.3,0,0,0,0,Match Report,FALSE
Alisson,2017-10-28,Sat,Serie A,Matchweek 11,Home,W 1–0,Roma,Bologna,Y,GK,90,2,0,2,100,1,0.2,0,0,0,0,Match Report,FALSE
Alisson,2017-10-31,Tue,Champions Lg,Group stage,Home,W 3–0,it Roma,eng Chelsea,Y,GK,90,6,0,6,100,1,0.9,0,0,0,0,Match Report,FALSE
Alisson,2017-11-05,Sun,Serie A,Matchweek 12,Away,W 4–2,Roma,Fiorentina,Y,GK,90,6,2,4,66.7,0,1.3,0,0,0,0,Match Report,FALSE
Alisson,2017-11-10,Fri,Friendlies (M),Friendlies (M),Away,W 3–1,br Brazil,jp Japan,Y,GK,45,,,,,0,,0,0,0,0,Match Report,FALSE
Alisson,2017-11-14,Tue,Friendlies (M),Friendlies (M),Away,D 0–0,br Brazil,eng England,Y,GK,90,,0,,,1,,0,0,0,0,Match Report,FALSE
Alisson,2017-11-18,Sat,Serie A,Matchweek 13,Home,W 2–1,Roma,Lazio,Y,GK,90,2,1,1,100,0,1.2,1,1,0,0,Match Report,FALSE
Alisson,2017-11-22,Wed,Champions Lg,Group stage,Away,L 0–2,it Roma,es Atlético Madrid,Y,GK,90,5,2,3,60,0,1.2,0,0,0,0,Match Report,FALSE
Alisson,2017-11-26,Sun,Serie A,Matchweek 14,Away,D 1–1,Roma,Genoa,Y,GK,90,4,1,3,100,0,1.5,1,1,0,0,Match Report,FALSE
Alisson,2017-12-01,Fri,Serie A,Matchweek 15,Home,W 3–1,Roma,SPAL,Y,GK,90,2,1,0,50,0,1,1,0,1,0,Match Report,FALSE
Alisson,2017-12-05,Tue,Champions Lg,Group stage,Home,W 1–0,it Roma,az Qarabağ,Y,GK,90,2,0,2,100,1,0.4,0,0,0,0,Match Report,FALSE
Alisson,2017-12-10,Sun,Serie A,Matchweek 16,Away,D 0–0,Roma,Chievo,Y,GK,90,1,0,1,100,1,0.1,0,0,0,0,Match Report,FALSE
Alisson,2017-12-16,Sat,Serie A,Matchweek 17,Home,W 1–0,Roma,Cagliari,Y,GK,90,0,0,0,,1,0,0,0,0,0,Match Report,FALSE
Alisson,2017-12-23,Sat,Serie A,Matchweek 18,Away,L 0–1,Roma,Juventus,Y,GK,90,8,1,7,87.5,0,1.7,0,0,0,0,Match Report,FALSE
Alisson,2017-12-30,Sat,Serie A,Matchweek 19,Home,D 1–1,Roma,Sassuolo,Y,GK,90,5,1,4,80,0,0.7,0,0,0,0,Match Report,FALSE
Alisson,2018-01-06,Sat,Serie A,Matchweek 20,Home,L 1–2,Roma,Atalanta,Y,GK,90,4,2,2,50,0,1.3,0,0,0,0,Match Report,FALSE
Alisson,2018-01-21,Sun,Serie A,Matchweek 21,Away,D 1–1,Roma,Inter,Y,GK,90,7,1,6,85.7,0,1.7,0,0,0,0,Match Report,FALSE
Alisson,2018-01-24,Wed,Serie A,Matchweek 3,Away,D 1–1,Roma,Sampdoria,Y,GK,90,3,1,2,100,0,1.5,1,1,0,0,Match Report,FALSE
Alisson,2018-01-28,Sun,Serie A,Matchweek 22,Home,L 0–1,Roma,Sampdoria,Y,GK,90,10,1,9,90,0,2.5,0,0,0,0,Match Report,FALSE
Alisson,2018-02-04,Sun,Serie A,Matchweek 23,Away,W 1–0,Roma,Hellas Verona,Y,GK,90,1,0,1,100,1,0,0,0,0,0,Match Report,FALSE
Alisson,2018-02-11,Sun,Serie A,Matchweek 24,Home,W 5–2,Roma,Benevento,Y,GK,90,3,2,1,33.3,0,2.2,0,0,0,0,Match Report,FALSE
Alisson,2018-02-17,Sat,Serie A,Matchweek 25,Away,W 2–0,Roma,Udinese,Y,GK,90,3,0,3,100,1,0.6,0,0,0,0,Match Report,FALSE
Alisson,2018-02-21,Wed,Champions Lg,Round of 16,Away,L 1–2,it Roma,ua Shakhtar,Y,GK,90,8,2,6,75,0,2.1,0,0,0,0,Match Report,FALSE
Alisson,2018-02-25,Sun,Serie A,Matchweek 26,Home,L 0–2,Roma,Milan,Y,GK,90,5,2,3,60,0,1.5,0,0,0,0,Match Report,FALSE
Alisson,2018-03-03,Sat,Serie A,Matchweek 27,Away,W 4–2,Roma,Napoli,Y,GK,90,12,2,10,83.3,0,3,0,0,0,0,Match Report,FALSE
Alisson,2018-03-09,Fri,Serie A,Matchweek 28,Home,W 3–0,Roma,Torino,Y,GK,90,3,0,3,100,1,0.7,0,0,0,0,Match Report,FALSE
Alisson,2018-03-13,Tue,Champions Lg,Round of 16,Home,W 1–0,it Roma,ua Shakhtar,Y,GK,90,0,0,0,,1,0,0,0,0,0,Match Report,FALSE
Alisson,2018-03-18,Sun,Serie A,Matchweek 29,Away,W 2–0,Roma,Crotone,Y,GK,90,3,0,3,100,1,0.3,0,0,0,0,Match Report,FALSE
Alisson,2018-03-23,Fri,Friendlies (M),Friendlies (M),Away,W 3–0,br Brazil,ru Russia,Y*,GK,90,,0,,,1,,0,0,0,0,Match Report,FALSE
Alisson,2018-03-27,Tue,Friendlies (M),Friendlies (M),Away,W 1–0,br Brazil,de Germany,Y,GK,90,,0,,,1,,0,0,0,0,Match Report,FALSE
Alisson,2018-03-31,Sat,Serie A,Matchweek 30,Away,D 1–1,Roma,Bologna,Y,GK,90,1,1,0,0,0,0.6,0,0,0,0,Match Report,FALSE
Alisson,2018-04-04,Wed,Champions Lg,Quarter-finals,Away,L 1–4,it Roma,es Barcelona,Y,GK,90,9,4,7,55.6,0,2.6,0,0,0,0,Match Report,FALSE
Alisson,2018-04-07,Sat,Serie A,Matchweek 31,Home,L 0–2,Roma,Fiorentina,Y,GK,90,2,2,0,0,0,1.1,0,0,0,0,Match Report,FALSE
Alisson,2018-04-10,Tue,Champions Lg,Quarter-finals,Home,W 3–0,it Roma,es Barcelona,Y,GK,90,3,0,3,100,1,0.5,0,0,0,0,Match Report,FALSE
Alisson,2018-04-15,Sun,Serie A,Matchweek 32,Away,D 0–0,Roma,Lazio,Y,GK,90,1,0,1,100,1,0,0,0,0,0,Match Report,FALSE
Alisson,2018-04-18,Wed,Serie A,Matchweek 33,Home,W 2–1,Roma,Genoa,Y,GK,90,1,1,0,0,0,0.4,0,0,0,0,Match Report,FALSE
Alisson,2018-04-21,Sat,Serie A,Matchweek 34,Away,W 3–0,Roma,SPAL,Y,GK,90,3,0,3,100,1,0.6,0,0,0,0,Match Report,FALSE
Alisson,2018-04-24,Tue,Champions Lg,Semi-finals,Away,L 2–5,it Roma,eng Liverpool,Y,GK,90,11,5,6,54.5,0,4.4,0,0,0,0,Match Report,FALSE
Alisson,2018-04-28,Sat,Serie A,Matchweek 35,Home,W 4–1,Roma,Chievo,Y,GK,90,6,1,4,83.3,0,2,1,0,1,0,Match Report,FALSE
Alisson,2018-05-02,Wed,Champions Lg,Semi-finals,Home,W 4–2,it Roma,eng Liverpool,Y,GK,90,5,2,3,60,0,1.9,0,0,0,0,Match Report,FALSE
Alisson,2018-05-06,Sun,Serie A,Matchweek 36,Away,W 1–0,Roma,Cagliari,Y,GK,90,2,0,2,100,1,0.6,0,0,0,0,Match Report,FALSE
Alisson,2018-05-13,Sun,Serie A,Matchweek 37,Home,D 0–0,Roma,Juventus,Y,GK,90,0,0,0,,1,0,0,0,0,0,Match Report,FALSE
Alisson,2018-06-03,Sun,Friendlies (M),Friendlies (M),Home,W 2–0,br Brazil,hr Croatia,Y,GK,90,,0,,,1,,0,0,0,0,Match Report,FALSE
Alisson,2018-06-10,Sun,Friendlies (M),Friendlies (M),Away,W 3–0,br Brazil,at Austria,Y,GK,90,,0,,,1,,0,0,0,0,Match Report,FALSE
Alisson,2018-06-17,Sun,World Cup,Group stage,Neutral,D 1–1,br Brazil,ch Switzerland,Y,GK,90,2,1,1,50,0,1.1,0,0,0,0,Match Report,FALSE
Alisson,2018-06-22,Fri,World Cup,Group stage,Neutral,W 2–0,br Brazil,cr Costa Rica,Y,GK,90,0,0,0,,1,0,0,0,0,0,Match Report,FALSE
Alisson,2018-06-27,Wed,World Cup,Group stage,Neutral,W 2–0,br Brazil,rs Serbia,Y,GK,90,1,0,1,100,1,0.1,0,0,0,0,Match Report,FALSE
Ederson,2017-08-12,Sat,Premier League,Matchweek 1,Away,W 2–0,Manchester City,Brighton,Y,GK,90,2,0,2,100,1,0.2,0,0,0,0,Match Report,FALSE
Ederson,2017-08-21,Mon,Premier League,Matchweek 2,Home,D 1–1,Manchester City,Everton,Y,GK,90,2,1,1,50,0,0.8,0,0,0,0,Match Report,FALSE
Ederson,2017-08-26,Sat,Premier League,Matchweek 3,Away,W 2–1,Manchester City,Bournemouth,Y,GK,90,3,1,2,66.7,0,1.2,0,0,0,0,Match Report,FALSE
Ederson,2017-09-09,Sat,Premier League,Matchweek 4,Home,W 5–0,Manchester City,Liverpool,Y,GK,44,3,,3,,,1.1,,,,,Match Report,FALSE
Ederson,2017-09-13,Wed,Champions Lg,Group stage,Away,W 4–0,eng Manchester City,nl Feyenoord,Y,GK,90,1,0,1,100,1,0.1,0,0,0,0,Match Report,FALSE
Ederson,2017-09-16,Sat,Premier League,Matchweek 5,Away,W 6–0,Manchester City,Watford,Y,GK,90,1,0,1,100,1,0.6,0,0,0,0,Match Report,FALSE
Ederson,2017-09-23,Sat,Premier League,Matchweek 6,Home,W 5–0,Manchester City,Crystal Palace,Y,GK,90,0,0,0,,1,0,0,0,0,0,Match Report,FALSE
Ederson,2017-09-26,Tue,Champions Lg,Group stage,Home,W 2–0,eng Manchester City,ua Shakhtar,Y,GK,90,2,0,2,100,1,0.6,0,0,0,0,Match Report,FALSE
Ederson,2017-09-30,Sat,Premier League,Matchweek 7,Away,W 1–0,Manchester City,Chelsea,Y,GK,90,2,0,2,100,1,0.3,0,0,0,0,Match Report,FALSE
Ederson,2017-10-10,Tue,WCQ,WCQ — CONMEBOL (M),Home,W 3–0,br Brazil,cl Chile,Y,,90,,0,,,1,,0,0,0,0,Match Report,FALSE
Ederson,2017-10-14,Sat,Premier League,Matchweek 8,Home,W 7–2,Manchester City,Stoke City,Y,GK,90,1,2,0,-100,0,0,0,0,0,0,Match Report,FALSE
Ederson,2017-10-17,Tue,Champions Lg,Group stage,Home,W 2–1,eng Manchester City,it Napoli,Y,GK,90,4,1,2,100,0,2.1,2,1,1,0,Match Report,FALSE
Ederson,2017-10-21,Sat,Premier League,Matchweek 9,Home,W 3–0,Manchester City,Burnley,Y,GK,90,0,0,0,,1,0,0,0,0,0,Match Report,FALSE
Ederson,2017-10-28,Sat,Premier League,Matchweek 10,Away,W 3–2,Manchester City,West Brom,Y,GK,90,4,2,2,50,0,1.9,0,0,0,0,Match Report,FALSE
Ederson,2017-11-01,Wed,Champions Lg,Group stage,Away,W 4–2,eng Manchester City,it Napoli,Y,GK,90,6,2,4,83.3,0,3.2,1,1,0,0,Match Report,FALSE
Ederson,2017-11-05,Sun,Premier League,Matchweek 11,Home,W 3–1,Manchester City,Arsenal,Y,GK,90,3,1,2,66.7,0,0.6,0,0,0,0,Match Report,FALSE
Ederson,2017-11-18,Sat,Premier League,Matchweek 12,Away,W 2–0,Manchester City,Leicester City,Y,GK,90,0,0,0,,1,0,0,0,0,0,Match Report,FALSE
Ederson,2017-11-21,Tue,Champions Lg,Group stage,Home,W 1–0,eng Manchester City,nl Feyenoord,Y,GK,90,3,0,3,100,1,0.2,0,0,0,0,Match Report,FALSE
Ederson,2017-11-26,Sun,Premier League,Matchweek 13,Away,W 2–1,Manchester City,Huddersfield,Y,GK,90,0,1,0,,0,0,0,0,0,0,Match Report,FALSE
Ederson,2017-11-29,Wed,Premier League,Matchweek 14,Home,W 2–1,Manchester City,Southampton,Y,GK,90,2,1,1,50,0,1.1,0,0,0,0,Match Report,FALSE
Ederson,2017-12-03,Sun,Premier League,Matchweek 15,Home,W 2–1,Manchester City,West Ham,Y,GK,90,4,1,3,75,0,0.6,0,0,0,0,Match Report,FALSE
Ederson,2017-12-06,Wed,Champions Lg,Group stage,Away,L 1–2,eng Manchester City,ua Shakhtar,Y,GK,90,6,2,4,66.7,0,2.1,0,0,0,0,Match Report,FALSE
Ederson,2017-12-10,Sun,Premier League,Matchweek 16,Away,W 2–1,Manchester City,Manchester Utd,Y,GK,90,5,1,4,80,0,1.8,0,0,0,0,Match Report,FALSE
Ederson,2017-12-13,Wed,Premier League,Matchweek 17,Away,W 4–0,Manchester City,Swansea City,Y,GK,90,3,0,3,100,1,0.3,0,0,0,0,Match Report,FALSE
Ederson,2017-12-16,Sat,Premier League,Matchweek 18,Home,W 4–1,Manchester City,Tottenham,Y,GK,90,2,1,1,50,0,0.7,0,0,0,0,Match Report,FALSE
Ederson,2017-12-23,Sat,Premier League,Matchweek 19,Home,W 4–0,Manchester City,Bournemouth,Y,GK,90,1,0,1,100,1,0.1,0,0,0,0,Match Report,FALSE
Ederson,2017-12-27,Wed,Premier League,Matchweek 20,Away,W 1–0,Manchester City,Newcastle Utd,Y,GK,90,1,0,1,100,1,0.1,0,0,0,0,Match Report,FALSE
Ederson,2017-12-31,Sun,Premier League,Matchweek 21,Away,D 0–0,Manchester City,Crystal Palace,Y,GK,90,1,0,0,100,1,0.9,1,0,1,0,Match Report,FALSE
Ederson,2018-01-02,Tue,Premier League,Matchweek 22,Home,W 3–1,Manchester City,Watford,Y,GK,90,4,1,3,75,0,1.5,0,0,0,0,Match Report,FALSE
Ederson,2018-01-14,Sun,Premier League,Matchweek 23,Away,L 3–4,Manchester City,Liverpool,Y,GK,90,7,4,3,42.9,0,2.1,0,0,0,0,Match Report,FALSE
Ederson,2018-01-20,Sat,Premier League,Matchweek 24,Home,W 3–1,Manchester City,Newcastle Utd,Y,GK,90,4,1,3,75,0,0.8,0,0,0,0,Match Report,FALSE
Ederson,2018-01-31,Wed,Premier League,Matchweek 25,Home,W 3–0,Manchester City,West Brom,Y,GK,90,1,0,1,100,1,0.1,0,0,0,0,Match Report,FALSE
Ederson,2018-02-03,Sat,Premier League,Matchweek 26,Away,D 1–1,Manchester City,Burnley,Y,GK,90,3,1,2,66.7,0,1.4,0,0,0,0,Match Report,FALSE
Ederson,2018-02-10,Sat,Premier League,Matchweek 27,Home,W 5–1,Manchester City,Leicester City,Y,GK,90,2,1,1,50,0,0.3,0,0,0,0,Match Report,FALSE
Ederson,2018-02-13,Tue,Champions Lg,Round of 16,Away,W 4–0,eng Manchester City,ch Basel,Y,GK,90,3,0,3,100,1,0.8,0,0,0,0,Match Report,FALSE
Ederson,2018-03-01,Thu,Premier League,Matchweek 28,Away,W 3–0,Manchester City,Arsenal,Y,GK,90,5,0,4,100,1,1.4,1,0,1,0,Match Report,FALSE
Ederson,2018-03-04,Sun,Premier League,Matchweek 29,Home,W 1–0,Manchester City,Chelsea,Y,GK,90,0,0,0,,1,0,0,0,0,0,Match Report,FALSE
Ederson,2018-03-12,Mon,Premier League,Matchweek 30,Away,W 2–0,Manchester City,Stoke City,Y,GK,90,0,0,0,,1,0,0,0,0,0,Match Report,FALSE
Ederson,2018-03-31,Sat,Premier League,Matchweek 32,Away,W 3–1,Manchester City,Everton,Y,GK,90,2,1,1,50,0,0.6,0,0,0,0,Match Report,FALSE
Ederson,2018-04-04,Wed,Champions Lg,Quarter-finals,Away,L 0–3,eng Manchester City,eng Liverpool,Y,GK,90,5,3,2,40,0,2.5,0,0,0,0,Match Report,FALSE
Ederson,2018-04-07,Sat,Premier League,Matchweek 33,Home,L 2–3,Manchester City,Manchester Utd,Y,GK,90,4,3,1,25,0,2,0,0,0,0,Match Report,FALSE
Ederson,2018-04-10,Tue,Champions Lg,Quarter-finals,Home,L 1–2,eng Manchester City,eng Liverpool,Y,GK,90,3,2,1,33.3,0,1.3,0,0,0,0,Match Report,FALSE
Ederson,2018-04-14,Sat,Premier League,Matchweek 34,Away,W 3–1,Manchester City,Tottenham,Y,GK,90,3,1,2,66.7,0,0.5,0,0,0,0,Match Report,FALSE
Ederson,2018-04-22,Sun,Premier League,Matchweek 35,Home,W 5–0,Manchester City,Swansea City,Y,GK,90,1,0,1,100,1,0.1,0,0,0,0,Match Report,FALSE
Ederson,2018-04-29,Sun,Premier League,Matchweek 36,Away,W 4–1,Manchester City,West Ham,Y,GK,90,1,1,0,0,0,0.2,0,0,0,0,Match Report,FALSE
Ederson,2018-05-06,Sun,Premier League,Matchweek 37,Home,D 0–0,Manchester City,Huddersfield,Y,GK,90,3,0,3,100,1,0.6,0,0,0,0,Match Report,FALSE
Lloris,2017-08-13,Sun,Premier League,Matchweek 1,Away,W 2–0,Tottenham,Newcastle Utd,Y*,GK,90,2,0,2,100,1,0.6,0,0,0,0,Match Report,FALSE
Lloris,2017-08-20,Sun,Premier League,Matchweek 2,Home,L 1–2,Tottenham,Chelsea,Y*,GK,90,2,2,0,0,0,0.8,0,0,0,0,Match Report,FALSE
Lloris,2017-08-27,Sun,Premier League,Matchweek 3,Home,D 1–1,Tottenham,Burnley,Y*,GK,90,3,1,2,66.7,0,0.6,0,0,0,0,Match Report,FALSE
Lloris,2017-08-31,Thu,WCQ,First round,Home,W 4–0,fr France,nl Netherlands,Y*,GK,90,,0,,,1,,0,0,0,0,Match Report,FALSE
Lloris,2017-09-03,Sun,WCQ,First round,Home,D 0–0,fr France,lu Luxembourg,Y*,GK,90,,0,,,1,,0,0,0,0,Match Report,FALSE
Lloris,2017-09-09,Sat,Premier League,Matchweek 4,Away,W 3–0,Tottenham,Everton,Y*,GK,90,1,0,1,100,1,0.5,0,0,0,0,Match Report,FALSE
Lloris,2017-09-13,Wed,Champions Lg,Group stage,Home,W 3–1,eng Tottenham,de Dortmund,Y*,GK,90,2,1,1,50,0,0.9,0,0,0,0,Match Report,FALSE
Lloris,2017-09-16,Sat,Premier League,Matchweek 5,Home,D 0–0,Tottenham,Swansea City,Y*,GK,90,0,0,0,,1,0,0,0,0,0,Match Report,FALSE
Lloris,2017-09-23,Sat,Premier League,Matchweek 6,Away,W 3–2,Tottenham,West Ham,Y*,GK,90,4,2,2,50,0,0.6,0,0,0,0,Match Report,FALSE
Lloris,2017-09-26,Tue,Champions Lg,Group stage,Away,W 3–0,eng Tottenham,cy APOEL FC,Y*,GK,90,3,0,3,100,1,0.2,0,0,0,0,Match Report,FALSE
Lloris,2017-09-30,Sat,Premier League,Matchweek 7,Away,W 4–0,Tottenham,Huddersfield,Y*,GK,90,1,0,1,100,1,0.1,0,0,0,0,Match Report,FALSE
Lloris,2017-10-07,Sat,WCQ,First round,Away,W 1–0,fr France,bg Bulgaria,Y*,GK,90,,0,,,1,,0,0,0,0,Match Report,FALSE
Lloris,2017-10-10,Tue,WCQ,First round,Home,W 2–1,fr France,by Belarus,Y*,GK,90,,1,,,0,,0,0,0,0,Match Report,FALSE
Lloris,2017-10-14,Sat,Premier League,Matchweek 8,Home,W 1–0,Tottenham,Bournemouth,Y*,GK,90,1,0,1,100,1,0.3,0,0,0,0,Match Report,FALSE
Lloris,2017-10-17,Tue,Champions Lg,Group stage,Away,D 1–1,eng Tottenham,es Real Madrid,Y*,GK,90,8,1,7,100,0,2.6,1,1,0,0,Match Report,FALSE
Lloris,2017-10-22,Sun,Premier League,Matchweek 9,Home,W 4–1,Tottenham,Liverpool,Y*,GK,90,7,1,6,85.7,0,1.8,0,0,0,0,Match Report,FALSE
Lloris,2017-10-28,Sat,Premier League,Matchweek 10,Away,L 0–1,Tottenham,Manchester Utd,Y*,GK,90,3,1,2,66.7,0,1.3,0,0,0,0,Match Report,FALSE
Lloris,2017-11-01,Wed,Champions Lg,Group stage,Home,W 3–1,eng Tottenham,es Real Madrid,Y*,GK,90,9,1,8,88.9,0,2.5,0,0,0,0,Match Report,FALSE
Lloris,2017-11-18,Sat,Premier League,Matchweek 12,Away,L 0–2,Tottenham,Arsenal,Y*,GK,90,5,2,3,60,0,3,0,0,0,0,Match Report,FALSE
Lloris,2017-11-21,Tue,Champions Lg,Group stage,Away,W 2–1,eng Tottenham,de Dortmund,Y*,GK,90,3,1,2,66.7,0,0.9,0,0,0,0,Match Report,FALSE
Lloris,2017-11-25,Sat,Premier League,Matchweek 13,Home,D 1–1,Tottenham,West Brom,Y*,GK,90,2,1,1,50,0,0.7,0,0,0,0,Match Report,FALSE
Lloris,2017-11-28,Tue,Premier League,Matchweek 14,Away,L 1–2,Tottenham,Leicester City,Y*,GK,90,3,2,1,33.3,0,0.8,0,0,0,0,Match Report,FALSE
Lloris,2017-12-02,Sat,Premier League,Matchweek 15,Away,D 1–1,Tottenham,Watford,Y*,GK,90,2,1,1,50,0,0.2,0,0,0,0,Match Report,FALSE
Lloris,2017-12-09,Sat,Premier League,Matchweek 16,Home,W 5–1,Tottenham,Stoke City,Y*,GK,90,3,1,2,66.7,0,0.8,0,0,0,0,Match Report,FALSE
Lloris,2017-12-13,Wed,Premier League,Matchweek 17,Home,W 2–0,Tottenham,Brighton,Y*,GK,90,4,0,4,100,1,0.3,0,0,0,0,Match Report,FALSE
Lloris,2017-12-16,Sat,Premier League,Matchweek 18,Away,L 1–4,Tottenham,Manchester City,Y*,GK,90,11,4,7,63.6,0,3.3,1,0,0,1,Match Report,FALSE
Lloris,2017-12-23,Sat,Premier League,Matchweek 19,Away,W 3–0,Tottenham,Burnley,Y*,GK,90,2,0,2,100,1,0.4,0,0,0,0,Match Report,FALSE
Lloris,2017-12-26,Tue,Premier League,Matchweek 20,Home,W 5–2,Tottenham,Southampton,Y*,GK,90,6,2,4,66.7,0,1,0,0,0,0,Match Report,FALSE
Lloris,2018-01-02,Tue,Premier League,Matchweek 22,Away,W 2–0,Tottenham,Swansea City,Y*,GK,90,1,0,1,100,1,0.6,0,0,0,0,Match Report,FALSE
Lloris,2018-01-04,Thu,Premier League,Matchweek 21,Home,D 1–1,Tottenham,West Ham,Y*,GK,90,1,1,0,0,0,0.4,0,0,0,0,Match Report,FALSE
Lloris,2018-01-13,Sat,Premier League,Matchweek 23,Home,W 4–0,Tottenham,Everton,Y*,GK,90,0,0,0,,1,0,0,0,0,0,Match Report,FALSE
Lloris,2018-01-31,Wed,Premier League,Matchweek 25,Home,W 2–0,Tottenham,Manchester Utd,Y*,GK,90,3,0,3,100,1,1.2,0,0,0,0,Match Report,FALSE
Lloris,2018-02-04,Sun,Premier League,Matchweek 26,Away,D 2–2,Tottenham,Liverpool,Y*,GK,90,3,2,1,33.3,0,1.9,0,0,0,0,Match Report,FALSE
Lloris,2018-02-10,Sat,Premier League,Matchweek 27,Home,W 1–0,Tottenham,Arsenal,Y*,GK,90,1,0,1,100,1,0.4,0,0,0,0,Match Report,FALSE
Lloris,2018-02-13,Tue,Champions Lg,Round of 16,Away,D 2–2,eng Tottenham,it Juventus,Y*,GK,90,5,2,3,80,0,2,2,1,0,1,Match Report,FALSE
Lloris,2018-02-25,Sun,Premier League,Matchweek 28,Away,W 1–0,Tottenham,Crystal Palace,Y*,GK,90,3,0,3,100,1,0.2,0,0,0,0,Match Report,FALSE
Lloris,2018-03-03,Sat,Premier League,Matchweek 29,Home,W 2–0,Tottenham,Huddersfield,Y*,GK,90,3,0,3,100,1,0.5,0,0,0,0,Match Report,FALSE
Lloris,2018-03-07,Wed,Champions Lg,Round of 16,Home,L 1–2,eng Tottenham,it Juventus,Y*,GK,90,3,2,1,33.3,0,1.8,0,0,0,0,Match Report,FALSE
Lloris,2018-03-11,Sun,Premier League,Matchweek 30,Away,W 4–1,Tottenham,Bournemouth,Y*,GK,90,3,1,2,66.7,0,1.2,0,0,0,0,Match Report,FALSE
Lloris,2018-03-23,Fri,Friendlies (M),Friendlies (M),Home,L 2–3,fr France,co Colombia,Y*,GK,90,,3,,,0,,1,1,0,0,Match Report,FALSE
Lloris,2018-03-27,Tue,Friendlies (M),Friendlies (M),Away,W 3–1,fr France,ru Russia,Y*,GK,90,,1,,,0,,0,0,0,0,Match Report,FALSE
Lloris,2018-04-01,Sun,Premier League,Matchweek 32,Away,W 3–1,Tottenham,Chelsea,Y*,GK,90,4,1,3,75,0,1.8,0,0,0,0,Match Report,FALSE
Lloris,2018-04-07,Sat,Premier League,Matchweek 33,Away,W 2–1,Tottenham,Stoke City,Y*,GK,90,4,1,3,75,0,1.3,0,0,0,0,Match Report,FALSE
Lloris,2018-04-14,Sat,Premier League,Matchweek 34,Home,L 1–3,Tottenham,Manchester City,Y*,GK,90,6,3,3,66.7,0,2.5,1,1,0,0,Match Report,FALSE
Lloris,2018-04-17,Tue,Premier League,Matchweek 35,Away,D 1–1,Tottenham,Brighton,Y*,GK,90,5,1,4,100,0,1.3,1,1,0,0,Match Report,FALSE
Lloris,2018-04-30,Mon,Premier League,Matchweek 36,Home,W 2–0,Tottenham,Watford,Y*,GK,90,5,0,5,100,1,0.2,0,0,0,0,Match Report,FALSE
Lloris,2018-05-05,Sat,Premier League,Matchweek 37,Away,L 0–1,Tottenham,West Brom,Y*,GK,90,1,1,0,0,0,1,0,0,0,0,Match Report,FALSE
Lloris,2018-05-09,Wed,Premier League,Matchweek 31,Home,W 1–0,Tottenham,Newcastle Utd,Y*,GK,90,3,0,3,100,1,0.5,0,0,0,0,Match Report,FALSE
Lloris,2018-05-13,Sun,Premier League,Matchweek 38,Home,W 5–4,Tottenham,Leicester City,Y*,GK,90,9,4,5,55.6,0,1.9,0,0,0,0,Match Report,FALSE
Lloris,2018-06-01,Fri,Friendlies (M),Friendlies (M),Home,W 3–1,fr France,it Italy,Y*,GK,90,,1,,,0,,0,0,0,0,Match Report,FALSE
Lloris,2018-06-09,Sat,Friendlies (M),Friendlies (M),Home,D 1–1,fr France,us United States,Y*,GK,90,,1,,,0,,0,0,0,0,Match Report,FALSE
Lloris,2018-06-16,Sat,World Cup,Group stage,Neutral,W 2–1,fr France,au Australia,Y*,GK,90,1,1,0,100,0,1,1,1,0,0,Match Report,FALSE
Lloris,2018-06-21,Thu,World Cup,Group stage,Neutral,W 1–0,fr France,pe Peru,Y*,GK,90,2,0,2,100,1,0.1,0,0,0,0,Match Report,FALSE
Lloris,2018-06-30,Sat,World Cup,Round of 16,Neutral,W 4–3,fr France,ar Argentina,Y*,GK,90,4,3,1,25,0,1.4,0,0,0,0,Match Report,FALSE
Lloris,2019-08-10,Sat,Premier League,Matchweek 1,Home,W 3–1,Tottenham,Aston Villa,Y*,GK,90,4,1,3,75,0,1.1,0,0,0,0,Match Report,TRUE
Lloris,2019-08-17,Sat,Premier League,Matchweek 2,Away,D 2–2,Tottenham,Manchester City,Y*,GK,90,10,2,8,80,0,3.3,0,0,0,0,Match Report,TRUE
Lloris,2019-08-25,Sun,Premier League,Matchweek 3,Home,L 0–1,Tottenham,Newcastle Utd,Y*,GK,90,3,1,2,66.7,0,1.1,0,0,0,0,Match Report,TRUE
Lloris,2019-09-01,Sun,Premier League,Matchweek 4,Away,D 2–2,Tottenham,Arsenal,Y*,GK,90,8,2,6,75,0,2.6,0,0,0,0,Match Report,TRUE
Lloris,2019-09-07,Sat,UEFA Euro Qualifying,Group stage,Home,W 4–1,fr France,al Albania,Y*,GK,90,0,1,0,,0,,1,1,0,0,Match Report,TRUE
Lloris,2019-09-10,Tue,UEFA Euro Qualifying,Group stage,Home,W 3–0,fr France,ad Andorra,Y*,GK,90,0,0,0,,1,,0,0,0,0,Match Report,TRUE
Lloris,2019-09-14,Sat,Premier League,Matchweek 5,Home,W 4–0,Tottenham,Crystal Palace,Y*,GK,90,6,0,6,100,1,0.5,0,0,0,0,Match Report,TRUE
Lloris,2019-09-18,Wed,Champions Lg,Group stage,Away,D 2–2,eng Tottenham,gr Olympiacos,Y*,GK,90,5,2,3,80,0,1.9,1,1,0,0,Match Report,TRUE
Lloris,2019-09-28,Sat,Premier League,Matchweek 7,Home,W 2–1,Tottenham,Southampton,Y*,GK,90,6,1,5,83.3,0,2.2,0,0,0,0,Match Report,TRUE
Lloris,2019-10-01,Tue,Champions Lg,Group stage,Home,L 2–7,eng Tottenham,de Bayern Munich,Y*,GK,90,10,7,3,30,0,3.7,0,0,0,0,Match Report,TRUE
Lloris,2019-10-05,Sat,Premier League,Matchweek 8,Away,L 0–3,Tottenham,Brighton,Y*,GK,7,1,1,,0,,1,,,,,Match Report,TRUE
Lloris,2020-01-22,Wed,Premier League,Matchweek 24,Home,W 2–1,Tottenham,Norwich City,Y*,GK,90,2,1,1,100,0,1.1,1,1,0,0,Match Report,TRUE
Lloris,2020-01-25,Sat,FA Cup,Fourth round,Away,D 1–1,Tottenham,Southampton,Y*,GK,90,3,1,2,66.7,0,,0,0,0,0,Match Report,TRUE
Lloris,2020-02-02,Sun,Premier League,Matchweek 25,Home,W 2–0,Tottenham,Manchester City,Y*,GK,90,5,0,4,100,1,2,1,0,1,0,Match Report,TRUE
Lloris,2020-02-05,Wed,FA Cup,Fourth round,Home,W 3–2,Tottenham,Southampton,Y*,GK,90,7,2,5,71.4,0,,0,0,0,0,Match Report,TRUE
Lloris,2020-02-16,Sun,Premier League,Matchweek 26,Away,W 3–2,Tottenham,Aston Villa,Y*,GK,90,4,2,3,50,0,0.5,0,0,0,0,Match Report,TRUE
Lloris,2020-02-19,Wed,Champions Lg,Round of 16,Home,L 0–1,eng Tottenham,de RB Leipzig,Y*,GK,90,5,1,4,100,0,1.9,1,1,0,0,Match Report,TRUE
Lloris,2020-02-22,Sat,Premier League,Matchweek 27,Away,L 1–2,Tottenham,Chelsea,Y*,GK,90,7,2,5,71.4,0,2,0,0,0,0,Match Report,TRUE
Lloris,2020-03-07,Sat,Premier League,Matchweek 29,Away,D 1–1,Tottenham,Burnley,Y*,GK,90,7,1,6,85.7,0,2.5,0,0,0,0,Match Report,TRUE
Lloris,2020-03-10,Tue,Champions Lg,Round of 16,Away,L 0–3,eng Tottenham,de RB Leipzig,Y*,GK,90,5,3,2,40,0,1.9,0,0,0,0,Match Report,TRUE
Lloris,2020-06-19,Fri,Premier League,Matchweek 30,Home,D 1–1,Tottenham,Manchester Utd,Y*,GK,90,6,1,5,100,0,1.6,1,1,0,0,Match Report,TRUE
Lloris,2020-06-23,Tue,Premier League,Matchweek 31,Home,W 2–0,Tottenham,West Ham,Y*,GK,90,2,0,2,100,1,1.4,0,0,0,0,Match Report,TRUE
Lloris,2020-07-02,Thu,Premier League,Matchweek 32,Away,L 1–3,Tottenham,Sheffield Utd,Y*,GK,90,5,3,2,40,0,2.7,0,0,0,0,Match Report,TRUE
Lloris,2020-07-06,Mon,Premier League,Matchweek 33,Home,W 1–0,Tottenham,Everton,Y*,GK,90,3,0,3,100,1,0.2,0,0,0,0,Match Report,TRUE
Lloris,2020-07-09,Thu,Premier League,Matchweek 34,Away,D 0–0,Tottenham,Bournemouth,Y*,GK,90,2,0,2,100,1,0.8,0,0,0,0,Match Report,TRUE
Lloris,2020-07-12,Sun,Premier League,Matchweek 35,Home,W 2–1,Tottenham,Arsenal,Y*,GK,90,4,1,3,75,0,0.9,0,0,0,0,Match Report,TRUE
Lloris,2020-07-15,Wed,Premier League,Matchweek 36,Away,W 3–1,Tottenham,Newcastle Utd,Y*,GK,90,6,1,5,83.3,0,1.7,0,0,0,0,Match Report,TRUE
Lloris,2020-07-19,Sun,Premier League,Matchweek 37,Home,W 3–0,Tottenham,Leicester City,Y*,GK,90,6,0,6,100,1,1,0,0,0,0,Match Report,TRUE
Lloris,2020-07-26,Sun,Premier League,Matchweek 38,Away,D 1–1,Tottenham,Crystal Palace,Y*,GK,90,2,1,1,50,0,0.4,0,0,0,0,Match Report,TRUE
Martinez,2021-07-03,Sat,Copa América,Quarter-finals,Neutral,W 3–0,ar Argentina,ec Ecuador,Y,GK,90,2,0,2,100,1,0.5,0,0,0,0,Match Report,TRUE
Martinez,2021-07-06,Tue,Copa América,Semi-finals,Home,D 1 (3)–1 (2),ar Argentina,co Colombia,Y,GK,120,4,1,3,75,0,1,0,0,0,0,Match Report,TRUE
Martinez,2021-07-10,Sat,Copa América,Final,Neutral,W 1–0,ar Argentina,br Brazil,Y,GK,90,2,0,2,100,1,0,0,0,0,0,Match Report,TRUE
Martinez,2021-08-14,Sat,Premier League,Matchweek 1,Away,L 2–3,Aston Villa,Watford,Y,GK,90,7,3,4,57.1,0,1.6,0,0,0,0,Match Report,TRUE
Martinez,2021-08-21,Sat,Premier League,Matchweek 2,Home,W 2–0,Aston Villa,Newcastle Utd,Y,GK,90,1,0,1,100,1,0,0,0,0,0,Match Report,TRUE
Martinez,2021-08-28,Sat,Premier League,Matchweek 3,Home,D 1–1,Aston Villa,Brentford,Y,GK,90,2,1,1,50,0,1,0,0,0,0,Match Report,TRUE
Martinez,2021-09-02,Thu,WCQ,WCQ — CONMEBOL (M),Away,W 3–1,ar Argentina,ve Venezuela,Y,GK,90,2,1,2,100,0,,1,1,0,0,Match Report,TRUE
Martinez,2021-09-18,Sat,Premier League,Matchweek 5,Home,W 3–0,Aston Villa,Everton,Y,GK,90,1,0,1,100,1,0.1,0,0,0,0,Match Report,TRUE
Martinez,2021-09-25,Sat,Premier League,Matchweek 6,Away,W 1–0,Aston Villa,Manchester Utd,Y,GK,90,4,0,4,100,1,0.3,1,0,0,1,Match Report,TRUE
Martinez,2021-10-03,Sun,Premier League,Matchweek 7,Away,L 1–2,Aston Villa,Tottenham,Y,GK,90,7,2,6,71.4,0,2.1,0,0,0,0,Match Report,TRUE
Martinez,2021-10-07,Thu,WCQ,WCQ — CONMEBOL (M),Away,D 0–0,ar Argentina,py Paraguay,Y,GK,90,3,0,3,100,1,,0,0,0,0,Match Report,TRUE
Martinez,2021-10-10,Sun,WCQ,WCQ — CONMEBOL (M),Home,W 3–0,ar Argentina,uy Uruguay,Y,GK,90,6,0,6,100,1,,0,0,0,0,Match Report,TRUE
Martinez,2021-10-14,Thu,WCQ,WCQ — CONMEBOL (M),Home,W 1–0,ar Argentina,pe Peru,Y,GK,90,3,0,3,100,1,,1,0,0,1,Match Report,TRUE
Martinez,2021-10-16,Sat,Premier League,Matchweek 8,Home,L 2–3,Aston Villa,Wolves,Y,GK,90,4,3,1,25,0,1.7,0,0,0,0,Match Report,TRUE
Martinez,2021-10-22,Fri,Premier League,Matchweek 9,Away,L 1–3,Aston Villa,Arsenal,Y,GK,90,9,3,5,66.7,0,3,1,0,1,0,Match Report,TRUE
Martinez,2021-10-31,Sun,Premier League,Matchweek 10,Home,L 1–4,Aston Villa,West Ham,Y,GK,90,8,4,4,50,0,3.5,0,0,0,0,Match Report,TRUE
Martinez,2021-11-05,Fri,Premier League,Matchweek 11,Away,L 0–1,Aston Villa,Southampton,Y,GK,90,3,1,2,66.7,0,0.8,0,0,0,0,Match Report,TRUE
Martinez,2021-11-12,Fri,WCQ,WCQ — CONMEBOL (M),Away,W 1–0,ar Argentina,uy Uruguay,Y,GK,90,4,0,4,100,1,,0,0,0,0,Match Report,TRUE
Martinez,2021-11-16,Tue,WCQ,WCQ — CONMEBOL (M),Home,D 0–0,ar Argentina,br Brazil,Y,GK,90,2,0,2,100,1,,0,0,0,0,Match Report,TRUE
Martinez,2021-11-20,Sat,Premier League,Matchweek 12,Home,W 2–0,Aston Villa,Brighton,Y,GK,90,2,0,2,100,1,0.3,0,0,0,0,Match Report,TRUE
Martinez,2021-11-27,Sat,Premier League,Matchweek 13,Away,W 2–1,Aston Villa,Crystal Palace,Y,GK,90,3,1,2,66.7,0,1,0,0,0,0,Match Report,TRUE
Martinez,2021-12-01,Wed,Premier League,Matchweek 14,Home,L 1–2,Aston Villa,Manchester City,Y,GK,90,7,2,5,71.4,0,1.8,0,0,0,0,Match Report,TRUE
Martinez,2021-12-05,Sun,Premier League,Matchweek 15,Home,W 2–1,Aston Villa,Leicester City,Y,GK,90,4,1,3,75,0,1.7,0,0,0,0,Match Report,TRUE
Martinez,2021-12-11,Sat,Premier League,Matchweek 16,Away,L 0–1,Aston Villa,Liverpool,Y,GK,90,5,1,4,100,0,2.2,1,1,0,0,Match Report,TRUE
Martinez,2021-12-14,Tue,Premier League,Matchweek 17,Away,W 2–0,Aston Villa,Norwich City,Y,GK,90,3,0,3,100,1,0.2,0,0,0,0,Match Report,TRUE
Martinez,2021-12-26,Sun,Premier League,Matchweek 19,Home,L 1–3,Aston Villa,Chelsea,Y,GK,90,4,3,1,75,0,2.6,2,2,0,0,Match Report,TRUE
Martinez,2022-01-02,Sun,Premier League,Matchweek 21,Away,L 1–2,Aston Villa,Brentford,Y,GK,90,4,2,2,50,0,1,0,0,0,0,Match Report,TRUE
Martinez,2022-01-10,Mon,FA Cup,Third round proper,Away,L 0–1,Aston Villa,Manchester Utd,Y,GK,90,9,1,8,88.9,0,,0,0,0,0,Match Report,TRUE
Martinez,2022-01-15,Sat,Premier League,Matchweek 22,Home,D 2–2,Aston Villa,Manchester Utd,Y,GK,90,6,2,4,66.7,0,1.5,0,0,0,0,Match Report,TRUE
Martinez,2022-01-22,Sat,Premier League,Matchweek 23,Away,W 1–0,Aston Villa,Everton,Y,GK,90,0,0,0,,1,0,0,0,0,0,Match Report,TRUE
Martinez,2022-01-27,Thu,WCQ,WCQ — CONMEBOL (M),Away,W 2–1,ar Argentina,cl Chile,Y,GK,90,4,1,3,75,0,,0,0,0,0,Match Report,TRUE
Martinez,2022-02-01,Tue,WCQ,WCQ — CONMEBOL (M),Home,W 1–0,ar Argentina,co Colombia,Y,GK,90,1,0,1,100,1,,0,0,0,0,Match Report,TRUE
Martinez,2022-02-09,Wed,Premier League,Matchweek 24,Home,D 3–3,Aston Villa,Leeds United,Y,GK,90,7,3,4,57.1,0,2.1,0,0,0,0,Match Report,TRUE
Martinez,2022-02-13,Sun,Premier League,Matchweek 25,Away,L 0–1,Aston Villa,Newcastle Utd,Y,GK,90,2,1,1,50,0,0.1,0,0,0,0,Match Report,TRUE
Martinez,2022-02-19,Sat,Premier League,Matchweek 26,Home,L 0–1,Aston Villa,Watford,Y,GK,90,4,1,3,75,0,1.9,0,0,0,0,Match Report,TRUE
Martinez,2022-02-26,Sat,Premier League,Matchweek 27,Away,W 2–0,Aston Villa,Brighton,Y,GK,90,1,0,1,100,1,0.2,0,0,0,0,Match Report,TRUE
Martinez,2022-03-05,Sat,Premier League,Matchweek 28,Home,W 4–0,Aston Villa,Southampton,Y,GK,90,1,0,1,100,1,0.1,0,0,0,0,Match Report,TRUE
Martinez,2022-03-10,Thu,Premier League,Matchweek 20,Away,W 3–0,Aston Villa,Leeds United,Y,GK,90,1,0,1,100,1,0.1,0,0,0,0,Match Report,TRUE
Martinez,2022-03-13,Sun,Premier League,Matchweek 29,Away,L 1–2,Aston Villa,West Ham,Y,GK,90,4,2,2,50,0,1.1,0,0,0,0,Match Report,TRUE
Martinez,2022-03-19,Sat,Premier League,Matchweek 30,Home,L 0–1,Aston Villa,Arsenal,Y,GK,90,3,1,2,66.7,0,0.5,0,0,0,0,Match Report,TRUE
Martinez,2022-04-02,Sat,Premier League,Matchweek 31,Away,L 1–2,Aston Villa,Wolves,Y,GK,90,4,2,3,50,0,1,0,0,0,0,Match Report,TRUE
Martinez,2022-04-09,Sat,Premier League,Matchweek 32,Home,L 0–4,Aston Villa,Tottenham,Y,GK,90,5,4,1,20,0,1.9,0,0,0,0,Match Report,TRUE
Martinez,2022-04-23,Sat,Premier League,Matchweek 34,Away,D 0–0,Aston Villa,Leicester City,Y,GK,90,2,0,2,100,1,0.7,0,0,0,0,Match Report,TRUE
Martinez,2022-04-30,Sat,Premier League,Matchweek 35,Home,W 2–0,Aston Villa,Norwich City,Y,GK,90,3,0,3,100,1,0.5,0,0,0,0,Match Report,TRUE
Martinez,2022-05-07,Sat,Premier League,Matchweek 36,Away,W 3–1,Aston Villa,Burnley,Y,GK,90,6,1,5,83.3,0,1.6,0,0,0,0,Match Report,TRUE
Martinez,2022-05-10,Tue,Premier League,Matchweek 33,Home,L 1–2,Aston Villa,Liverpool,Y,GK,90,5,2,3,60,0,1.1,0,0,0,0,Match Report,TRUE
Martinez,2022-05-15,Sun,Premier League,Matchweek 37,Home,D 1–1,Aston Villa,Crystal Palace,Y,GK,90,4,1,3,75,0,1.5,0,0,0,0,Match Report,TRUE
Martinez,2022-05-19,Thu,Premier League,Matchweek 18,Home,D 1–1,Aston Villa,Burnley,Y,GK,90,4,1,3,100,0,1.6,1,1,0,0,Match Report,TRUE
Alisson,2021-08-14,Sat,Premier League,Matchweek 1,Away,W 3–0,Liverpool,Norwich City,Y,GK,90,3,0,3,100,1,1.1,0,0,0,0,Match Report,TRUE
Alisson,2021-08-21,Sat,Premier League,Matchweek 2,Home,W 2–0,Liverpool,Burnley,Y,GK,90,3,0,3,100,1,0.6,0,0,0,0,Match Report,TRUE
Alisson,2021-08-28,Sat,Premier League,Matchweek 3,Home,D 1–1,Liverpool,Chelsea,Y,GK,90,3,1,2,66.7,0,0.4,0,0,0,0,Match Report,TRUE
Alisson,2021-09-12,Sun,Premier League,Matchweek 4,Away,W 3–0,Liverpool,Leeds United,Y,GK,90,4,0,4,100,1,0.5,0,0,0,0,Match Report,TRUE
Alisson,2021-09-15,Wed,Champions Lg,Group stage,Home,W 3–2,eng Liverpool,it Milan,Y,GK,90,3,2,1,33.3,0,2,0,0,0,0,Match Report,TRUE
Alisson,2021-09-18,Sat,Premier League,Matchweek 5,Home,W 3–0,Liverpool,Crystal Palace,Y,GK,90,2,0,2,100,1,0.1,0,0,0,0,Match Report,TRUE
Alisson,2021-09-25,Sat,Premier League,Matchweek 6,Away,D 3–3,Liverpool,Brentford,Y,GK,90,3,3,0,0,0,2.1,0,0,0,0,Match Report,TRUE
Alisson,2021-09-28,Tue,Champions Lg,Group stage,Away,W 5–1,eng Liverpool,pt Porto,Y,GK,90,3,1,2,66.7,0,1.7,0,0,0,0,Match Report,TRUE
Alisson,2021-10-03,Sun,Premier League,Matchweek 7,Home,D 2–2,Liverpool,Manchester City,Y,GK,90,3,2,1,33.3,0,1.3,0,0,0,0,Match Report,TRUE
Alisson,2021-10-07,Thu,WCQ,WCQ — CONMEBOL (M),Away,W 3–1,br Brazil,ve Venezuela,Y,GK,90,4,1,3,75,0,,0,0,0,0,Match Report,TRUE
Alisson,2021-10-10,Sun,WCQ,WCQ — CONMEBOL (M),Away,D 0–0,br Brazil,co Colombia,Y,GK,90,4,0,4,100,1,,0,0,0,0,Match Report,TRUE
Alisson,2021-10-19,Tue,Champions Lg,Group stage,Away,W 3–2,eng Liverpool,es Atlético Madrid,Y,GK,90,5,2,3,60,0,2.9,0,0,0,0,Match Report,TRUE
Alisson,2021-10-24,Sun,Premier League,Matchweek 9,Away,W 5–0,Liverpool,Manchester Utd,Y,GK,90,3,0,3,100,1,0.9,0,0,0,0,Match Report,TRUE
Alisson,2021-10-30,Sat,Premier League,Matchweek 10,Home,D 2–2,Liverpool,Brighton,Y,GK,90,6,2,4,66.7,0,1.5,0,0,0,0,Match Report,TRUE
Alisson,2021-11-03,Wed,Champions Lg,Group stage,Home,W 2–0,eng Liverpool,es Atlético Madrid,Y,GK,90,0,0,0,,1,0,0,0,0,0,Match Report,TRUE
Alisson,2021-11-07,Sun,Premier League,Matchweek 11,Away,L 2–3,Liverpool,West Ham,Y,GK,90,3,3,1,0,0,1.1,0,0,0,0,Match Report,TRUE
Alisson,2021-11-11,Thu,WCQ,WCQ — CONMEBOL (M),Home,W 1–0,br Brazil,co Colombia,Y,GK,90,1,0,1,100,1,,0,0,0,0,Match Report,TRUE
Alisson,2021-11-16,Tue,WCQ,WCQ — CONMEBOL (M),Away,D 0–0,br Brazil,ar Argentina,Y,GK,90,3,0,3,100,1,,0,0,0,0,Match Report,TRUE
Alisson,2021-11-20,Sat,Premier League,Matchweek 12,Home,W 4–0,Liverpool,Arsenal,Y,GK,90,3,0,3,100,1,0.4,0,0,0,0,Match Report,TRUE
Alisson,2021-11-24,Wed,Champions Lg,Group stage,Home,W 2–0,eng Liverpool,pt Porto,Y*,GK,90,1,0,1,100,1,0.1,0,0,0,0,Match Report,TRUE
Alisson,2021-11-27,Sat,Premier League,Matchweek 13,Home,W 4–0,Liverpool,Southampton,Y,GK,90,3,0,3,100,1,1.4,0,0,0,0,Match Report,TRUE
Alisson,2021-12-01,Wed,Premier League,Matchweek 14,Away,W 4–1,Liverpool,Everton,Y,GK,90,2,1,1,50,0,0.1,0,0,0,0,Match Report,TRUE
Alisson,2021-12-04,Sat,Premier League,Matchweek 15,Away,W 1–0,Liverpool,Wolves,Y,GK,90,1,0,1,100,1,0.3,0,0,0,0,Match Report,TRUE
Alisson,2021-12-07,Tue,Champions Lg,Group stage,Away,W 2–1,eng Liverpool,it Milan,Y*,GK,90,3,1,2,66.7,0,1.5,0,0,0,0,Match Report,TRUE
Alisson,2021-12-11,Sat,Premier League,Matchweek 16,Home,W 1–0,Liverpool,Aston Villa,Y,GK,90,0,0,0,,1,0,0,0,0,0,Match Report,TRUE
Alisson,2021-12-16,Thu,Premier League,Matchweek 17,Home,W 3–1,Liverpool,Newcastle Utd,Y,GK,90,3,1,2,66.7,0,0.6,0,0,0,0,Match Report,TRUE
Alisson,2021-12-19,Sun,Premier League,Matchweek 18,Away,D 2–2,Liverpool,Tottenham,Y,GK,90,5,2,3,60,0,2.1,0,0,0,0,Match Report,TRUE
Alisson,2021-12-28,Tue,Premier League,Matchweek 20,Away,L 0–1,Liverpool,Leicester City,Y,GK,90,1,1,0,0,0,0.1,0,0,0,0,Match Report,TRUE
Alisson,2022-01-13,Thu,EFL Cup,Semi-finals,Home,D 0–0,Liverpool,Arsenal,Y,GK,90,1,0,1,100,1,,0,0,0,0,Match Report,TRUE
Alisson,2022-01-16,Sun,Premier League,Matchweek 22,Home,W 3–0,Liverpool,Brentford,Y,GK,90,1,0,1,100,1,0.2,0,0,0,0,Match Report,TRUE
Alisson,2022-01-23,Sun,Premier League,Matchweek 23,Away,W 3–1,Liverpool,Crystal Palace,Y,GK,90,5,1,4,80,0,1.2,0,0,0,0,Match Report,TRUE
Alisson,2022-01-27,Thu,WCQ,WCQ — CONMEBOL (M),Away,D 1–1,br Brazil,ec Ecuador,Y,GK,90,1,1,0,0,0,,0,0,0,0,Match Report,TRUE
Alisson,2022-02-10,Thu,Premier League,Matchweek 24,Home,W 2–0,Liverpool,Leicester City,Y,GK,90,1,0,1,100,1,0.6,0,0,0,0,Match Report,TRUE
Alisson,2022-02-13,Sun,Premier League,Matchweek 25,Away,W 1–0,Liverpool,Burnley,Y,GK,90,5,0,5,100,1,0.6,0,0,0,0,Match Report,TRUE
Alisson,2022-02-16,Wed,Champions Lg,Round of 16,Away,W 2–0,eng Liverpool,it Inter,Y,GK,90,0,0,0,,1,0,0,0,0,0,Match Report,TRUE
Alisson,2022-02-19,Sat,Premier League,Matchweek 26,Home,W 3–1,Liverpool,Norwich City,Y,GK,90,1,1,0,0,0,0.4,0,0,0,0,Match Report,TRUE
Alisson,2022-02-23,Wed,Premier League,Matchweek 19,Home,W 6–0,Liverpool,Leeds United,Y,GK,90,2,0,2,100,1,0.1,0,0,0,0,Match Report,TRUE
Alisson,2022-03-02,Wed,FA Cup,Fifth round proper,Home,W 2–1,Liverpool,Norwich City,Y,GK,90,2,1,1,50,0,,0,0,0,0,Match Report,TRUE
Alisson,2022-03-05,Sat,Premier League,Matchweek 28,Home,W 1–0,Liverpool,West Ham,Y,GK,90,4,0,4,100,1,0.9,0,0,0,0,Match Report,TRUE
Alisson,2022-03-08,Tue,Champions Lg,Round of 16,Home,L 0–1,eng Liverpool,it Inter,Y,GK,90,3,1,2,66.7,0,0.8,0,0,0,0,Match Report,TRUE
Alisson,2022-03-12,Sat,Premier League,Matchweek 29,Away,W 2–0,Liverpool,Brighton,Y,GK,90,3,0,3,100,1,0.3,0,0,0,0,Match Report,TRUE
Alisson,2022-03-16,Wed,Premier League,Matchweek 27,Away,W 2–0,Liverpool,Arsenal,Y,GK,90,2,0,2,100,1,0.3,0,0,0,0,Match Report,TRUE
Alisson,2022-03-20,Sun,FA Cup,Quarter-finals,Away,W 1–0,Liverpool,Nott'ham Forest,Y,GK,90,1,0,1,100,1,,0,0,0,0,Match Report,TRUE
Alisson,2022-03-24,Thu,WCQ,WCQ — CONMEBOL (M),Home,W 4–0,br Brazil,cl Chile,Y,GK,90,2,0,2,100,1,,0,0,0,0,Match Report,TRUE
Alisson,2022-03-29,Tue,WCQ,WCQ — CONMEBOL (M),Away,W 4–0,br Brazil,bo Bolivia,Y,GK,90,6,0,6,100,1,,0,0,0,0,Match Report,TRUE
Alisson,2022-04-02,Sat,Premier League,Matchweek 31,Home,W 2–0,Liverpool,Watford,Y,GK,90,2,0,2,100,1,0.2,0,0,0,0,Match Report,TRUE
Alisson,2022-04-05,Tue,Champions Lg,Quarter-finals,Away,W 3–1,eng Liverpool,pt Benfica,Y,GK,90,3,1,2,66.7,0,1,0,0,0,0,Match Report,TRUE
Alisson,2022-04-10,Sun,Premier League,Matchweek 32,Away,D 2–2,Liverpool,Manchester City,Y,GK,90,4,2,2,50,0,0.9,0,0,0,0,Match Report,TRUE
Alisson,2022-04-13,Wed,Champions Lg,Quarter-finals,Home,D 3–3,eng Liverpool,pt Benfica,Y,GK,90,4,3,1,25,0,2.6,0,0,0,0,Match Report,TRUE
Alisson,2022-04-16,Sat,FA Cup,Semi-finals,Away,W 3–2,Liverpool,Manchester City,Y,GK,90,6,2,4,66.7,0,,0,0,0,0,Match Report,TRUE
Alisson,2022-04-19,Tue,Premier League,Matchweek 30,Home,W 4–0,Liverpool,Manchester Utd,Y,GK,90,1,0,1,100,1,0.1,0,0,0,0,Match Report,TRUE
Alisson,2022-04-24,Sun,Premier League,Matchweek 34,Home,W 2–0,Liverpool,Everton,Y,GK,90,1,0,1,100,1,0.1,0,0,0,0,Match Report,TRUE
Alisson,2022-04-27,Wed,Champions Lg,Semi-finals,Home,W 2–0,eng Liverpool,es Villarreal,Y,GK,90,0,0,0,,1,0,0,0,0,0,Match Report,TRUE
Alisson,2022-04-30,Sat,Premier League,Matchweek 35,Away,W 1–0,Liverpool,Newcastle Utd,Y,GK,90,2,0,2,100,1,0.2,0,0,0,0,Match Report,TRUE
Alisson,2022-05-03,Tue,Champions Lg,Semi-finals,Away,W 3–2,eng Liverpool,es Villarreal,Y,GK,90,2,2,0,0,0,1.6,0,0,0,0,Match Report,TRUE
Alisson,2022-05-07,Sat,Premier League,Matchweek 36,Home,D 1–1,Liverpool,Tottenham,Y,GK,90,3,1,2,66.7,0,0.7,0,0,0,0,Match Report,TRUE
Alisson,2022-05-10,Tue,Premier League,Matchweek 33,Away,W 2–1,Liverpool,Aston Villa,Y,GK,90,4,1,3,75,0,1,0,0,0,0,Match Report,TRUE
Alisson,2022-05-14,Sat,FA Cup,Final,Away,D 0 (6)–0 (5),Liverpool,Chelsea,Y,GK,120,2,0,2,100,1,,0,0,0,0,Match Report,TRUE
Alisson,2022-05-17,Tue,Premier League,Matchweek 37,Away,W 2–1,Liverpool,Southampton,Y,GK,90,2,1,1,50,0,0.6,0,0,0,0,Match Report,TRUE
Alisson,2022-05-22,Sun,Premier League,Matchweek 38,Home,W 3–1,Liverpool,Wolves,Y,GK,90,5,1,4,80,0,1.5,0,0,0,0,Match Report,TRUE
Alisson,2022-05-28,Sat,Champions Lg,Final,Neutral,L 0–1,eng Liverpool,es Real Madrid,Y,GK,90,1,1,0,0,0,0.4,0,0,0,0,Match Report,TRUE
Alisson,2022-06-06,Mon,Friendlies (M),Friendlies (M),Neutral,W 1–0,br Brazil,jp Japan,Y,GK,90,,,,,1,,0,0,0,0,Match Report,TRUE
Ederson,2020-09-21,Mon,Premier League,Matchweek 2,Away,W 3–1,Manchester City,Wolves,Y,GK,90,1,1,0,0,0,0.1,0,0,0,0,Match Report,TRUE
Ederson,2020-09-27,Sun,Premier League,Matchweek 3,Home,L 2–5,Manchester City,Leicester City,Y,GK,90,7,5,2,71.4,0,4.4,3,3,0,0,Match Report,TRUE
Ederson,2020-10-03,Sat,Premier League,Matchweek 4,Away,D 1–1,Manchester City,Leeds United,Y,GK,90,7,1,6,85.7,0,3.3,0,0,0,0,Match Report,TRUE
Ederson,2020-10-17,Sat,Premier League,Matchweek 5,Home,W 1–0,Manchester City,Arsenal,Y,GK,90,3,0,3,100,1,0.3,0,0,0,0,Match Report,TRUE
Ederson,2020-10-21,Wed,Champions Lg,Group stage,Home,W 3–1,eng Manchester City,pt Porto,Y,GK,90,2,1,1,50,0,1.3,0,0,0,0,Match Report,TRUE
Ederson,2020-10-24,Sat,Premier League,Matchweek 6,Away,D 1–1,Manchester City,West Ham,Y,GK,90,2,1,1,50,0,0.2,0,0,0,0,Match Report,TRUE
Ederson,2020-10-27,Tue,Champions Lg,Group stage,Away,W 3–0,eng Manchester City,fr Marseille,Y,GK,90,2,0,2,100,1,0.3,0,0,0,0,Match Report,TRUE
Ederson,2020-10-31,Sat,Premier League,Matchweek 7,Away,W 1–0,Manchester City,Sheffield Utd,Y,GK,90,1,0,1,100,1,0.3,0,0,0,0,Match Report,TRUE
Ederson,2020-11-03,Tue,Champions Lg,Group stage,Home,W 3–0,eng Manchester City,gr Olympiacos,Y,GK,90,1,0,1,100,1,0,0,0,0,0,Match Report,TRUE
Ederson,2020-11-08,Sun,Premier League,Matchweek 8,Home,D 1–1,Manchester City,Liverpool,Y,GK,90,3,1,2,100,0,1.2,1,1,0,0,Match Report,TRUE
Ederson,2020-11-13,Fri,WCQ,WCQ — CONMEBOL (M),Home,W 1–0,br Brazil,ve Venezuela,Y,GK,90,1,0,1,100,1,,0,0,0,0,Match Report,TRUE
Ederson,2020-11-17,Tue,WCQ,WCQ — CONMEBOL (M),Away,W 2–0,br Brazil,uy Uruguay,Y,GK,90,0,0,0,,1,,0,0,0,0,Match Report,TRUE
Ederson,2020-11-21,Sat,Premier League,Matchweek 9,Away,L 0–2,Manchester City,Tottenham,Y,GK,90,2,2,0,0,0,1,0,0,0,0,Match Report,TRUE
Ederson,2020-11-25,Wed,Champions Lg,Group stage,Away,W 1–0,eng Manchester City,gr Olympiacos,Y,GK,90,0,0,0,,1,0,0,0,0,0,Match Report,TRUE
Ederson,2020-11-28,Sat,Premier League,Matchweek 10,Home,W 5–0,Manchester City,Burnley,Y,GK,90,1,0,1,100,1,0,0,0,0,0,Match Report,TRUE
Ederson,2020-12-01,Tue,Champions Lg,Group stage,Away,D 0–0,eng Manchester City,pt Porto,Y,GK,90,1,0,1,100,1,0.2,0,0,0,0,Match Report,TRUE
Ederson,2020-12-05,Sat,Premier League,Matchweek 11,Home,W 2–0,Manchester City,Fulham,Y,GK,90,1,0,1,100,1,0.4,0,0,0,0,Match Report,TRUE
Ederson,2020-12-12,Sat,Premier League,Matchweek 12,Away,D 0–0,Manchester City,Manchester Utd,Y,GK,90,2,0,2,100,1,0.2,0,0,0,0,Match Report,TRUE
Ederson,2020-12-15,Tue,Premier League,Matchweek 13,Home,D 1–1,Manchester City,West Brom,Y,GK,90,1,1,1,0,0,0.7,0,0,0,0,Match Report,TRUE
Ederson,2020-12-19,Sat,Premier League,Matchweek 14,Away,W 1–0,Manchester City,Southampton,Y,GK,90,3,0,3,100,1,0.1,0,0,0,0,Match Report,TRUE
Ederson,2020-12-26,Sat,Premier League,Matchweek 15,Home,W 2–0,Manchester City,Newcastle Utd,Y,GK,90,2,0,2,100,1,0.8,0,0,0,0,Match Report,TRUE
Ederson,2021-01-13,Wed,Premier League,Matchweek 18,Home,W 1–0,Manchester City,Brighton,Y,GK,90,1,0,1,100,1,0,0,0,0,0,Match Report,TRUE
Ederson,2021-01-17,Sun,Premier League,Matchweek 19,Home,W 4–0,Manchester City,Crystal Palace,Y,GK,90,0,0,0,,1,0,0,0,0,0,Match Report,TRUE
Ederson,2021-01-20,Wed,Premier League,Matchweek 1,Home,W 2–0,Manchester City,Aston Villa,Y,GK,90,4,0,4,100,1,0.8,0,0,0,0,Match Report,TRUE
Ederson,2021-01-26,Tue,Premier League,Matchweek 20,Away,W 5–0,Manchester City,West Brom,Y,GK,90,1,0,1,100,1,0.2,0,0,0,0,Match Report,TRUE
Ederson,2021-01-30,Sat,Premier League,Matchweek 21,Home,W 1–0,Manchester City,Sheffield Utd,Y,GK,90,1,0,1,100,1,0,0,0,0,0,Match Report,TRUE
Ederson,2021-02-03,Wed,Premier League,Matchweek 22,Away,W 2–0,Manchester City,Burnley,Y,GK,90,0,0,0,,1,0,0,0,0,0,Match Report,TRUE
Ederson,2021-02-07,Sun,Premier League,Matchweek 23,Away,W 4–1,Manchester City,Liverpool,Y,GK,90,3,1,2,100,0,1.2,1,1,0,0,Match Report,TRUE
Ederson,2021-02-13,Sat,Premier League,Matchweek 24,Home,W 3–0,Manchester City,Tottenham,Y,GK,90,3,0,3,100,1,0.6,0,0,0,0,Match Report,TRUE
Ederson,2021-02-17,Wed,Premier League,Matchweek 16,Away,W 3–1,Manchester City,Everton,Y,GK,90,2,1,1,50,0,1.1,0,0,0,0,Match Report,TRUE
Ederson,2021-02-21,Sun,Premier League,Matchweek 25,Away,W 1–0,Manchester City,Arsenal,Y,GK,90,1,0,1,100,1,0.1,0,0,0,0,Match Report,TRUE
Ederson,2021-02-24,Wed,Champions Lg,Round of 16,Neutral,W 2–0,eng Manchester City,de Gladbach,Y,GK,90,1,0,1,100,1,0.2,0,0,0,0,Match Report,TRUE
Ederson,2021-02-27,Sat,Premier League,Matchweek 26,Home,W 2–1,Manchester City,West Ham,Y,GK,90,3,1,2,66.7,0,1.1,0,0,0,0,Match Report,TRUE
Ederson,2021-03-02,Tue,Premier League,Matchweek 29,Home,W 4–1,Manchester City,Wolves,Y,GK,90,1,1,0,0,0,0.4,0,0,0,0,Match Report,TRUE
Ederson,2021-03-07,Sun,Premier League,Matchweek 27,Home,L 0–2,Manchester City,Manchester Utd,Y,GK,90,6,2,4,83.3,0,2.3,1,1,0,0,Match Report,TRUE
Ederson,2021-03-10,Wed,Premier League,Matchweek 33,Home,W 5–2,Manchester City,Southampton,Y,GK,90,6,2,4,83.3,0,1.9,1,1,0,0,Match Report,TRUE
Ederson,2021-03-13,Sat,Premier League,Matchweek 28,Away,W 3–0,Manchester City,Fulham,Y,GK,90,0,0,0,,1,0,0,0,0,0,Match Report,TRUE
Ederson,2021-03-16,Tue,Champions Lg,Round of 16,Neutral,W 2–0,eng Manchester City,de Gladbach,Y,GK,90,3,0,3,100,1,0.7,0,0,0,0,Match Report,TRUE
Ederson,2021-04-03,Sat,Premier League,Matchweek 30,Away,W 2–0,Manchester City,Leicester City,Y,GK,90,2,0,2,100,1,0.3,0,0,0,0,Match Report,TRUE
Ederson,2021-04-06,Tue,Champions Lg,Quarter-finals,Home,W 2–1,eng Manchester City,de Dortmund,Y,GK,90,3,1,2,66.7,0,1.4,0,0,0,0,Match Report,TRUE
Ederson,2021-04-10,Sat,Premier League,Matchweek 31,Home,L 1–2,Manchester City,Leeds United,Y,GK,90,2,2,0,0,0,0.2,0,0,0,0,Match Report,TRUE
Ederson,2021-04-14,Wed,Champions Lg,Quarter-finals,Away,W 2–1,eng Manchester City,de Dortmund,Y,GK,90,3,1,2,66.7,0,0.7,0,0,0,0,Match Report,TRUE
Ederson,2021-04-21,Wed,Premier League,Matchweek 32,Away,W 2–1,Manchester City,Aston Villa,Y,GK,90,3,1,2,66.7,0,0.6,0,0,0,0,Match Report,TRUE
Ederson,2021-04-28,Wed,Champions Lg,Semi-finals,Away,W 2–1,eng Manchester City,fr Paris S-G,Y,GK,90,4,1,3,75,0,1,0,0,0,0,Match Report,TRUE
Ederson,2021-05-01,Sat,Premier League,Matchweek 34,Away,W 2–0,Manchester City,Crystal Palace,Y,GK,90,4,0,4,100,1,1.1,0,0,0,0,Match Report,TRUE
Ederson,2021-05-04,Tue,Champions Lg,Semi-finals,Home,W 2–0,eng Manchester City,fr Paris S-G,Y,GK,90,0,0,0,,1,0,0,0,0,0,Match Report,TRUE
Ederson,2021-05-08,Sat,Premier League,Matchweek 35,Home,L 1–2,Manchester City,Chelsea,Y,GK,90,5,2,3,60,0,1.1,0,0,0,0,Match Report,TRUE
Ederson,2021-05-18,Tue,Premier League,Matchweek 37,Away,L 2–3,Manchester City,Brighton,Y,GK,90,6,3,3,50,0,1.4,0,0,0,0,Match Report,TRUE
Ederson,2021-05-23,Sun,Premier League,Matchweek 38,Home,W 5–0,Manchester City,Everton,Y,GK,90,3,0,2,100,1,1.1,1,0,1,0,Match Report,TRUE
Ederson,2021-05-29,Sat,Champions Lg,Final,Neutral,L 0–1,eng Manchester City,eng Chelsea,Y,GK,90,2,1,1,50,0,0.7,0,0,0,0,Match Report,TRUE
Ederson,2021-06-08,Tue,WCQ,WCQ — CONMEBOL (M),Away,W 2–0,br Brazil,py Paraguay,Y,GK,90,3,0,3,100,1,,0,0,0,0,Match Report,TRUE
Ederson,2021-06-17,Thu,Copa América,Group stage,Neutral,W 4–0,br Brazil,pe Peru,Y,GK,90,2,0,2,100,1,0.9,0,0,0,0,Match Report,TRUE